{"cameraMode":{"drawMode":0,"name":"Shaded","section":"Shading Mode"},"sceneLighting":false,"audioPlay":false,"sceneViewState":{"m_AlwaysRefresh":false,"showFog":true,"showSkybox":false,"showFlares":true,"showImageEffects":true,"showParticleSystems":true,"showVisualEffectGraphs":true,"m_FxEnabled":false},"in2DMode":false,"pivot":{"x":44.158912658691409,"y":-0.641140341758728,"z":16.755495071411134},"rotation":{"x":0.16640859842300416,"y":0.6981766819953919,"z":-0.17219212651252747,"w":0.6747010946273804},"size":1.1255543231964112,"orthographic":false}