{"cameraMode":{"drawMode":0,"name":"Shaded","section":"Shading Mode"},"sceneLighting":false,"audioPlay":false,"sceneViewState":{"m_AlwaysRefresh":false,"showFog":true,"showSkybox":false,"showFlares":true,"showImageEffects":true,"showParticleSystems":true,"showVisualEffectGraphs":true,"m_FxEnabled":false},"in2DMode":false,"pivot":{"x":-0.0049294233322143559,"y":0.20479771494865418,"z":0.24095642566680909},"rotation":{"x":0.16640859842300416,"y":0.6981766819953919,"z":-0.17219212651252747,"w":0.6747010946273804},"size":2.1384737491607668,"orthographic":false}